Name,Set code,Set name,Collector number,Foil,Rarity,Quantity,ManaBox ID,Scryfall ID,Purchase price,Misprint,Altered,Condition,Language,Purchase price currency,Added
Sol Ring,SOC,Secrets of Strixhaven Commander,427,foil,mythic,1,110973,9ef06694-e05d-4e96-a588-bd276447dcf8,22.78,FALSE,FALSE,near_mint,en,AUD,2026-07-11T12:47:12.424Z
Talisman of Resilience,SOC,Secrets of Strixhaven Commander,432,foil,mythic,1,110978,b37ba764-8dae-4be1-9939-969067d215af,5.17,FALSE,FALSE,near_mint,en,AUD,2026-07-11T13:53:29.025Z
"Quandrix, the Proof",SOS,Secrets of Strixhaven,286,normal,mythic,1,111687,17dff19f-e732-44a3-907d-fa2982389653,8.05,FALSE,FALSE,near_mint,en,AUD,2026-07-11T13:53:29.023Z
Potioner's Trove,SOS,Secrets of Strixhaven,251,foil,common,1,112570,2123b349-4649-4a15-a8b5-b54414d2b1b7,0.34,FALSE,FALSE,near_mint,en,AUD,2026-07-11T13:53:29.022Z
Dig Site Inventory,SOS,Secrets of Strixhaven,10,foil,common,1,112707,e52464ee-df8b-41ec-af93-4b0eb004383e,0.29,FALSE,FALSE,near_mint,en,AUD,2026-07-11T13:53:29.021Z
Send in the Pest,SOS,Secrets of Strixhaven,100,foil,common,1,112576,283b508b-89f0-4c23-9686-b049e402b73c,0.49,FALSE,FALSE,near_mint,en,AUD,2026-07-11T13:53:29.020Z
Textbook Tabulator,SOS,Secrets of Strixhaven,70,foil,common,1,112615,56f54fee-b48d-4582-8982-ca4c7b8ef553,0.32,FALSE,FALSE,near_mint,en,AUD,2026-07-11T13:53:29.019Z
Campus Composer // Aqueous Aria,SOS,Secrets of Strixhaven,40,foil,uncommon,1,112277,fac8ac39-ecb4-4142-bf37-131c65660a9b,0.23,FALSE,FALSE,near_mint,en,AUD,2026-07-11T13:53:29.018Z
Snarl Song,SOS,Secrets of Strixhaven,161,foil,uncommon,1,112723,fc4c7fa2-aebb-4636-9afd-f1010c923316,0.23,FALSE,FALSE,near_mint,en,AUD,2026-07-11T13:53:29.017Z
Fractalize,SOS,Secrets of Strixhaven,51,foil,uncommon,1,112399,e3c3b19b-01b6-4f5a-b428-513b778c5d89,0.33,FALSE,FALSE,near_mint,en,AUD,2026-07-11T13:53:29.016Z
Monstrous Rage,SOA,Secrets of Strixhaven Mystical Archive,45,normal,uncommon,1,112439,4b2e000b-a147-443b-9138-9ff2d16c0422,0.29,FALSE,FALSE,near_mint,en,AUD,2026-07-11T13:53:29.015Z
Forest,SOS,Secrets of Strixhaven,271,foil,common,1,111795,46196e8f-9339-4f00-b9cf-cab8f9abc80e,0.96,FALSE,FALSE,near_mint,en,AUD,2026-07-11T13:53:29.014Z
Planar Engineering,SOS,Secrets of Strixhaven,158,normal,rare,1,112391,c83b96a3-ddfd-4d11-8a85-5bf62087cbb9,2.23,FALSE,FALSE,near_mint,en,AUD,2026-07-11T13:53:29.013Z
Scorched Geyser,SOC,Secrets of Strixhaven Commander,102,normal,rare,1,112233,5648788e-af46-4e95-9295-62c0fc2e5105,3.71,FALSE,FALSE,near_mint,en,AUD,2026-07-11T13:53:29.012Z
Return to the Ranks,SOA,Secrets of Strixhaven Mystical Archive,11,normal,rare,1,112515,cba93c84-3468-4c03-8198-87fb6c4b0968,0.5,FALSE,FALSE,near_mint,en,AUD,2026-07-11T13:53:29.011Z
Great Hall of the Biblioplex,SOS,Secrets of Strixhaven,361,foil,rare,1,112258,a4344235-8598-4a3b-89fe-bd68372b3b2b,1.65,FALSE,FALSE,near_mint,en,AUD,2026-07-11T13:53:29.010Z
Repel Calamity,SOA,Secrets of Strixhaven Mystical Archive,8,foil,uncommon,1,112424,1c2cf02f-97f3-47f0-9382-c580f3033635,0.36,FALSE,FALSE,near_mint,en,AUD,2026-07-11T13:53:29.009Z
Strife Scholar // Awaken the Ages,SOS,Secrets of Strixhaven,131,foil,common,1,112644,8de79312-2046-425e-9919-49afe19be81b,0.16,FALSE,FALSE,near_mint,en,AUD,2026-07-11T13:53:29.008Z
Spectacle Summit,SOS,Secrets of Strixhaven,262,foil,common,1,112055,a0a66f7b-eab4-45da-8895-c2c2c7eb05f8,0.34,FALSE,FALSE,near_mint,en,AUD,2026-07-11T13:53:29.006Z
Vibrant Outburst,SOS,Secrets of Strixhaven,240,foil,uncommon,1,112721,f9ba68ef-6efc-4249-8b74-e33f47173902,0.46,FALSE,FALSE,near_mint,en,AUD,2026-07-11T13:53:29.005Z
Blazing Firesinger // Seething Song,SOS,Secrets of Strixhaven,109,foil,uncommon,1,112595,3ba971e7-0b7a-4750-896f-7cf063e66b2a,0.56,FALSE,FALSE,near_mint,en,AUD,2026-07-11T13:53:29.004Z
Flow State,SOS,Secrets of Strixhaven,49,foil,uncommon,1,112343,47d6093b-b1b6-4956-8bfd-02cce899f832,4.18,FALSE,FALSE,near_mint,en,AUD,2026-07-11T13:53:29.003Z
Sleight of Hand,SOA,Secrets of Strixhaven Mystical Archive,22,foil,uncommon,1,112686,c837c418-2fe9-4ce8-b76d-c37241579a93,0.53,FALSE,FALSE,near_mint,en,AUD,2026-07-11T13:53:29.002Z
Ominous Harvest,SOC,Secrets of Strixhaven Commander,28,normal,rare,1,111866,2271184b-08eb-4d2a-8ebf-a1807d51dd2a,0.72,FALSE,FALSE,near_mint,en,AUD,2026-07-11T13:53:29.001Z
Slumbering Trudge,SOS,Secrets of Strixhaven,160,normal,rare,1,112335,3a925370-58ac-4181-9acc-db7b0e0abf17,0.49,FALSE,FALSE,near_mint,en,AUD,2026-07-11T13:53:29.000Z
Pick Your Poison,SOA,Secrets of Strixhaven Mystical Archive,120,normal,uncommon,1,112514,cb23d19b-b17a-4f0f-b8d2-164aeb6a2819,0.68,FALSE,FALSE,near_mint,en,AUD,2026-07-11T13:53:28.998Z
Return to the Ranks,SOA,Secrets of Strixhaven Mystical Archive,11,foil,rare,1,112515,cba93c84-3468-4c03-8198-87fb6c4b0968,0.89,FALSE,FALSE,near_mint,en,AUD,2026-07-11T13:53:28.997Z
Wander Off,SOS,Secrets of Strixhaven,104,foil,common,1,112597,3d409512-50b9-4a38-91b0-19ba25227992,0.19,FALSE,FALSE,near_mint,en,AUD,2026-07-11T13:53:28.996Z
Swamp,SOS,Secrets of Strixhaven,269,foil,common,1,111786,1797d5c7-d3fa-4184-85ae-46db14ddf523,1.25,FALSE,FALSE,near_mint,en,AUD,2026-07-11T13:53:28.995Z
Postmortem Professor,SOS,Secrets of Strixhaven,93,foil,rare,1,112566,174f5d7e-5d36-4d13-96bf-9b12cd644716,0.45,FALSE,FALSE,near_mint,en,AUD,2026-07-11T13:53:28.994Z
Pull from the Grave,SOS,Secrets of Strixhaven,95,normal,common,1,111658,d73612fe-8992-4650-a7e3-c7b662da6a03,0.27,FALSE,FALSE,near_mint,en,AUD,2026-07-11T13:53:28.993Z
Rehearsed Debater,SOS,Secrets of Strixhaven,29,normal,common,1,112724,fc6a1425-6733-42a2-94d9-605966398092,0.09,FALSE,FALSE,near_mint,en,AUD,2026-07-11T13:53:28.992Z
Spellbook Seeker // Careful Study,SOS,Secrets of Strixhaven,68,normal,common,1,112691,cc44eaa4-59a4-419e-b1d1-d92f354ff588,0.19,FALSE,FALSE,near_mint,en,AUD,2026-07-11T13:53:28.991Z
Rubble Rouser,SOS,Secrets of Strixhaven,128,normal,common,1,112664,afe61957-a9bb-42b0-98e8-b5fa418cbaff,0.29,FALSE,FALSE,near_mint,en,AUD,2026-07-11T13:53:28.990Z
Wild Hypothesis,SOS,Secrets of Strixhaven,167,normal,common,1,112559,04fdfabc-c247-4384-a5bb-f49035f8aae0,0.26,FALSE,FALSE,near_mint,en,AUD,2026-07-11T13:53:28.989Z
Scolding Administrator,SOS,Secrets of Strixhaven,224,normal,uncommon,1,112626,69757177-aefa-44a6-81db-5ae9b5d2f117,0.26,FALSE,FALSE,near_mint,en,AUD,2026-07-11T13:53:28.987Z
Encouraging Aviator // Jump,SOS,Secrets of Strixhaven,46,normal,uncommon,1,112361,72654b84-9902-41db-92ab-a3499c31221c,0.19,FALSE,FALSE,near_mint,en,AUD,2026-07-11T13:53:28.986Z
Thunderdrum Soloist,SOS,Secrets of Strixhaven,134,normal,uncommon,1,112234,590d1d95-ed13-4121-899f-f5a2d8a6617a,0.37,FALSE,FALSE,near_mint,en,AUD,2026-07-11T13:53:28.985Z
Swamp,SOS,Secrets of Strixhaven,276,foil,common,1,111936,51fe930f-2b5a-4b1e-9007-6ee74fb44715,0.45,FALSE,FALSE,near_mint,en,AUD,2026-07-11T13:53:28.984Z
Wildgrowth Archaic,SOS,Secrets of Strixhaven,168,normal,rare,1,112417,0e6e2188-7203-4d10-a838-27233f283cd5,0.45,FALSE,FALSE,near_mint,en,AUD,2026-07-11T13:53:28.983Z
Spiritcall Enthusiast // Scrollboost,SOS,Secrets of Strixhaven,33,normal,uncommon,1,112300,c0b85569-2cb3-4b64-b0fe-418195c4dab0,0.26,FALSE,FALSE,near_mint,en,AUD,2026-07-11T13:53:28.981Z
Heated Argument,SOS,Secrets of Strixhaven,118,normal,common,1,111679,0038d212-3d95-4f98-8c2e-7b2404d0ced7,0.14,FALSE,FALSE,near_mint,en,AUD,2026-07-11T13:53:28.980Z
Studious First-Year // Rampant Growth,SOS,Secrets of Strixhaven,162,normal,common,1,111693,24f888dd-785c-4089-a89c-03f9080130ed,0.43,FALSE,FALSE,near_mint,en,AUD,2026-07-11T13:53:28.979Z
Melancholic Poet,SOS,Secrets of Strixhaven,90,normal,common,1,112696,d8309815-7035-47a5-acf2-2b2ac1e65037,0.2,FALSE,FALSE,near_mint,en,AUD,2026-07-11T13:53:28.978Z
Rapier Wit,SOS,Secrets of Strixhaven,28,normal,common,1,112482,97b50521-5a0f-4dbd-8e15-f0f0d059c258,0.27,FALSE,FALSE,near_mint,en,AUD,2026-07-11T13:53:28.977Z
Deluge Virtuoso,SOS,Secrets of Strixhaven,42,normal,common,1,112222,2e3b16ed-8727-48fd-8b1f-c0cbd329385e,0.22,FALSE,FALSE,near_mint,en,AUD,2026-07-11T13:53:28.976Z
Grapple with Death,SOS,Secrets of Strixhaven,192,normal,common,1,111657,62842fb4-8bd3-4d80-b4f9-5bc3c5cebd3a,0.3,FALSE,FALSE,near_mint,en,AUD,2026-07-11T13:53:28.975Z
Divergent Equation,SOS,Secrets of Strixhaven,43,normal,uncommon,1,112327,26295e25-f1bf-4665-ba00-dad35c49bbc2,0.34,FALSE,FALSE,near_mint,en,AUD,2026-07-11T13:53:28.974Z
Borrowed Knowledge,SOS,Secrets of Strixhaven,178,normal,uncommon,1,112298,a3226e14-554d-47c9-b8b6-dfeb53cc41ba,0.37,FALSE,FALSE,near_mint,en,AUD,2026-07-11T13:53:28.973Z
Proctor's Gaze,SOS,Secrets of Strixhaven,213,normal,uncommon,1,112666,b127d543-0a90-4af6-9410-94d5cd30389e,0.19,FALSE,FALSE,near_mint,en,AUD,2026-07-11T13:53:28.972Z
Poisoner's Apprentice,SOS,Secrets of Strixhaven,92,normal,uncommon,1,112591,3755a2e9-af55-4625-a006-2a86c7893a96,0.16,FALSE,FALSE,near_mint,en,AUD,2026-07-11T13:53:28.971Z
Pick Your Poison,SOA,Secrets of Strixhaven Mystical Archive,55,normal,uncommon,1,112489,a11f1013-d747-4cf2-bbf5-0bd68a949ddf,0.45,FALSE,FALSE,near_mint,en,AUD,2026-07-11T13:53:28.969Z
"Sanar, Unfinished Genius // Wild Idea",SOS,Secrets of Strixhaven,223,normal,uncommon,1,111685,173157aa-712d-44f2-89ba-dd2511a07f26,0.37,FALSE,FALSE,near_mint,en,AUD,2026-07-11T13:53:28.968Z
Swamp,SOS,Secrets of Strixhaven,277,normal,common,1,111898,36af939c-11d9-43a5-bd69-c915a62e972b,0.24,FALSE,FALSE,near_mint,en,AUD,2026-07-11T13:53:28.967Z
Locust Spray,SOA,Secrets of Strixhaven Mystical Archive,31,normal,uncommon,1,112497,b221e1e9-7b14-4444-ac1c-3d5174c711e9,0.26,FALSE,FALSE,near_mint,en,AUD,2026-07-11T13:53:28.965Z
Banishing Betrayal,SOS,Secrets of Strixhaven,38,normal,common,1,111688,1ae9d2f3-7a9f-433a-aa1f-14337ae6f9d4,0.24,FALSE,FALSE,near_mint,en,AUD,2026-07-11T13:53:28.964Z
Ancestral Anger,SOS,Secrets of Strixhaven,106,normal,common,1,112627,6c5a93d6-d4ab-4062-bb3c-1b5330bf15ad,0.22,FALSE,FALSE,near_mint,en,AUD,2026-07-11T13:53:28.963Z
Spirit Mascot,SOS,Secrets of Strixhaven,230,normal,common,1,111682,123f1fde-d8de-4640-baa1-bb3781713168,0.26,FALSE,FALSE,near_mint,en,AUD,2026-07-11T13:53:28.961Z
Bogwater Lumaret,SOS,Secrets of Strixhaven,177,normal,common,1,111650,7a42f51a-3377-47bb-b6fb-c0515bf1dcfb,0.39,FALSE,FALSE,near_mint,en,AUD,2026-07-11T13:53:28.960Z
Swamp,SOS,Secrets of Strixhaven,276,normal,common,1,111936,51fe930f-2b5a-4b1e-9007-6ee74fb44715,0.23,FALSE,FALSE,near_mint,en,AUD,2026-07-11T13:53:28.956Z
Scheming Silvertongue // Sign in Blood,SOS,Secrets of Strixhaven,99,normal,rare,1,112541,fe85a124-0d8b-4a29-8df1-65888a39147f,1.84,FALSE,FALSE,near_mint,en,AUD,2026-07-11T13:53:28.955Z
Bulk Up,SOA,Secrets of Strixhaven Mystical Archive,40,normal,uncommon,1,112533,e86fcad5-8150-4a76-b27e-47a9f05745c1,0.53,FALSE,FALSE,near_mint,en,AUD,2026-07-11T13:53:28.953Z
Masterful Flourish,SOS,Secrets of Strixhaven,89,normal,common,1,112643,8d93d14d-7760-4af2-a237-2df326dd28d3,0.16,FALSE,FALSE,near_mint,en,AUD,2026-07-11T13:53:28.952Z
Interjection,SOS,Secrets of Strixhaven,22,normal,common,1,112560,0534cff6-299c-4155-b318-eb7581989e8a,0.19,FALSE,FALSE,near_mint,en,AUD,2026-07-11T13:53:28.951Z
Rearing Embermare,SOS,Secrets of Strixhaven,127,normal,common,1,112561,06dd56bd-de92-4202-af31-7e881c34d799,0.1,FALSE,FALSE,near_mint,en,AUD,2026-07-11T13:53:28.950Z
Burrog Barrage,SOS,Secrets of Strixhaven,141,normal,common,1,112647,95d5b0a8-2b66-418e-9e5e-ecf7b304c31e,0.19,FALSE,FALSE,near_mint,en,AUD,2026-07-11T13:53:28.949Z
Cheerful Osteomancer // Raise Dead,SOS,Secrets of Strixhaven,76,normal,common,1,112596,3c34660c-25e3-4ff5-9b2b-5554ded2bcc3,0.19,FALSE,FALSE,near_mint,en,AUD,2026-07-11T13:53:28.948Z
Ajani's Response,SOS,Secrets of Strixhaven,6,normal,common,1,112654,9cd1417a-badc-4abd-a8ca-5b31f85c1072,0.17,FALSE,FALSE,near_mint,en,AUD,2026-07-11T13:53:28.947Z
Essence Scatter,SOS,Secrets of Strixhaven,47,normal,common,1,112586,32840097-0531-4c43-b6a8-e76c17420b04,0.29,FALSE,FALSE,near_mint,en,AUD,2026-07-11T13:53:28.946Z
Maelstrom Artisan // Rocket Volley,SOS,Secrets of Strixhaven,122,normal,rare,1,112237,5c88391d-271f-4021-a5d9-158ebc1e6357,0.49,FALSE,FALSE,near_mint,en,AUD,2026-07-11T13:53:28.941Z
Wilt in the Heat,SOS,Secrets of Strixhaven,243,foil,common,1,112715,f63f7209-fc0f-400c-8076-125f3131cb32,0.17,FALSE,FALSE,near_mint,en,AUD,2026-07-11T13:53:28.940Z
"Page, Loose Leaf",SOS,Secrets of Strixhaven,250,normal,common,1,112642,8c6fecfd-8241-4cf0-b1eb-19472b99e0ed,0.29,FALSE,FALSE,near_mint,en,AUD,2026-07-11T13:53:28.938Z
Stargaze,SOA,Secrets of Strixhaven Mystical Archive,34,normal,uncommon,1,112445,5c9caa7b-0268-4606-a71d-82dff16e6418,0.45,FALSE,FALSE,near_mint,en,AUD,2026-07-11T13:53:28.937Z
Send in the Pest,SOS,Secrets of Strixhaven,100,normal,common,1,112576,283b508b-89f0-4c23-9686-b049e402b73c,0.23,FALSE,FALSE,near_mint,en,AUD,2026-07-11T13:53:28.936Z
Honorbound Page // Forum's Favor,SOS,Secrets of Strixhaven,19,normal,common,1,112633,79a70863-860f-4a7b-9cb2-d3546b689d44,0.09,FALSE,FALSE,near_mint,en,AUD,2026-07-11T13:53:28.935Z
Textbook Tabulator,SOS,Secrets of Strixhaven,70,normal,common,1,112615,56f54fee-b48d-4582-8982-ca4c7b8ef553,0.22,FALSE,FALSE,near_mint,en,AUD,2026-07-11T13:53:28.934Z
Earthshaker,CHK,Champions of Kamigawa,165,normal,uncommon,1,29060,283b47a9-c21e-4c0a-9c70-38b8ebbffab3,0.24,FALSE,FALSE,near_mint,en,AUD,2026-07-11T13:53:28.933Z
Zealous Lorecaster,SOS,Secrets of Strixhaven,137,normal,common,1,112590,36ab2130-9f21-4d30-873a-aa72d3d15fa8,0.17,FALSE,FALSE,near_mint,en,AUD,2026-07-11T13:53:28.932Z
End of the Hunt,SOS,Secrets of Strixhaven,81,normal,uncommon,1,112320,0809b51a-6a05-4f18-9bf4-1b8382da648f,0.36,FALSE,FALSE,near_mint,en,AUD,2026-07-11T13:53:28.929Z
Flow State,SOS,Secrets of Strixhaven,49,normal,uncommon,1,112343,47d6093b-b1b6-4956-8bfd-02cce899f832,2.5,FALSE,FALSE,near_mint,en,AUD,2026-07-11T13:53:28.928Z
Startled Relic Sloth,SOS,Secrets of Strixhaven,233,normal,uncommon,1,112711,f143fd41-58c3-45a0-bef8-e9e4b4a502a5,0.3,FALSE,FALSE,near_mint,en,AUD,2026-07-11T13:53:28.927Z
Topiary Lecturer,SOS,Secrets of Strixhaven,165,normal,uncommon,1,112611,4f16a1c2-0a80-45e4-b025-3aa0c0b03812,0.43,FALSE,FALSE,near_mint,en,AUD,2026-07-11T13:53:28.926Z
Island,SOS,Secrets of Strixhaven,274,normal,common,1,111979,77b88bb8-6bd9-4632-b937-89468fcb5e6a,0.23,FALSE,FALSE,near_mint,en,AUD,2026-07-11T13:53:28.924Z
Bitter Triumph,SOA,Secrets of Strixhaven Mystical Archive,26,normal,uncommon,1,112527,db465858-0593-4850-8f1d-400fe230a18d,0.52,FALSE,FALSE,near_mint,en,AUD,2026-07-11T13:53:28.923Z
Harsh Annotation,SOS,Secrets of Strixhaven,18,foil,uncommon,1,112706,e07a8fc7-c11c-4469-a31d-0abf40e57bbf,0.39,FALSE,FALSE,near_mint,en,AUD,2026-07-11T13:53:28.922Z
Tackle Artist,SOS,Secrets of Strixhaven,133,normal,common,1,112672,b87e2474-98c1-4c1a-91ed-340b72d31653,0.19,FALSE,FALSE,near_mint,en,AUD,2026-07-11T13:53:28.921Z
Tenured Concocter,SOS,Secrets of Strixhaven,163,normal,common,1,112592,376c8b7d-1c90-47e1-bd01-e4c67f3fc4fc,0.1,FALSE,FALSE,near_mint,en,AUD,2026-07-11T13:53:28.920Z
Cost of Brilliance,SOS,Secrets of Strixhaven,77,normal,common,1,112594,3a46816b-9f75-4c72-9ec6-cded6a4a0d01,0.23,FALSE,FALSE,near_mint,en,AUD,2026-07-11T13:53:28.919Z
Owlin Historian,SOS,Secrets of Strixhaven,24,normal,common,1,112620,5fe99be0-e1ec-485e-82f8-02eba7b82441,0.11,FALSE,FALSE,near_mint,en,AUD,2026-07-11T13:53:28.918Z
Procrastinate,SOS,Secrets of Strixhaven,64,normal,common,1,111692,1edb449d-620f-4e21-9d76-2c840635eb9d,0.22,FALSE,FALSE,near_mint,en,AUD,2026-07-11T13:53:28.917Z
Pest Mascot,SOS,Secrets of Strixhaven,209,foil,common,1,111751,d882beb9-6766-4818-afbb-f6fd7a2d5b70,0.45,FALSE,FALSE,near_mint,en,AUD,2026-07-11T13:53:28.915Z
Living History,SOS,Secrets of Strixhaven,121,normal,uncommon,1,112569,2028792c-fd60-40d4-bff7-3b82dbe1ffb5,0.14,FALSE,FALSE,near_mint,en,AUD,2026-07-11T13:53:28.911Z
Comforting Counsel,SOS,Secrets of Strixhaven,143,normal,rare,1,112612,5223a04f-6b47-4379-80ce-8489c4a91734,0.49,FALSE,FALSE,near_mint,en,AUD,2026-07-11T13:53:28.909Z
Abrade,SOA,Secrets of Strixhaven Mystical Archive,37,normal,uncommon,1,112513,c5bb5307-e874-42c4-b85d-06b9f6c474c8,0.49,FALSE,FALSE,near_mint,en,AUD,2026-07-11T13:53:28.908Z
"Killian, Decisive Mentor",SOC,Secrets of Strixhaven Commander,4,foil,mythic,1,110970,76b6c35a-bb92-4ad3-8f85-88b9bafc6266,0.68,FALSE,FALSE,near_mint,en,AUD,2026-07-11T13:53:28.906Z
Primary Research,SOS,Secrets of Strixhaven,26,normal,uncommon,3,112190,f6fdb814-45c6-4d14-afff-7f5bd1bd10a1,0.26,FALSE,FALSE,near_mint,en,AUD,2026-07-11T13:53:28.907Z
Paradox Surveyor,SOS,Secrets of Strixhaven,208,normal,uncommon,2,112394,d7cb1af2-0302-46ff-8303-ae9d07541a01,0.1,FALSE,FALSE,near_mint,en,AUD,2026-07-11T13:53:28.910Z
Root Manipulation,SOS,Secrets of Strixhaven,222,normal,uncommon,2,112613,5390a79c-bc4b-4edb-a845-0d3514986401,0.33,FALSE,FALSE,near_mint,en,AUD,2026-07-11T13:53:28.912Z
Spirit,TSOS,Secrets of Strixhaven Tokens,11,normal,common,2,112692,d0f3bd3d-08cf-4783-ae31-03770c8be69c,0.13,FALSE,FALSE,near_mint,en,AUD,2026-07-11T13:53:28.913Z
Paradox Gardens,SOS,Secrets of Strixhaven,258,normal,common,2,112152,dbc3447e-1329-4ea1-b4ca-b321b0ffec8f,0.3,FALSE,FALSE,near_mint,en,AUD,2026-07-11T13:53:28.914Z
Inkling Mascot,SOS,Secrets of Strixhaven,196,normal,common,2,111711,6d4a2f39-0e1e-4076-815a-2676a09a1aab,0.13,FALSE,FALSE,near_mint,en,AUD,2026-07-11T13:53:28.916Z
Harmonized Trio // Brainstorm,SOS,Secrets of Strixhaven,52,normal,rare,2,112353,617208ff-dd9b-44fd-a740-d3188081e5cc,1.01,FALSE,FALSE,near_mint,en,AUD,2026-07-11T13:53:28.925Z
Visionary's Dance,SOS,Secrets of Strixhaven,242,normal,common,2,112638,846a0e79-a530-429e-8f7f-4b87f1b0156e,0.27,FALSE,FALSE,near_mint,en,AUD,2026-07-11T13:53:28.930Z
Noxious Newt,SOS,Secrets of Strixhaven,155,normal,common,2,112593,3a028306-c5d7-4f8f-b6f4-0d103fd47000,0.4,FALSE,FALSE,near_mint,en,AUD,2026-07-11T13:53:28.931Z
Archaic's Agony,SOS,Secrets of Strixhaven,107,normal,uncommon,2,111653,8d99f8b2-5c1c-4059-bf68-c6b2e9e5b275,0.17,FALSE,FALSE,near_mint,en,AUD,2026-07-11T13:53:28.943Z
Owlin Historian,SOS,Secrets of Strixhaven,24,foil,common,2,112620,5fe99be0-e1ec-485e-82f8-02eba7b82441,0.26,FALSE,FALSE,near_mint,en,AUD,2026-07-11T13:53:28.954Z
Traumatic Critique,SOS,Secrets of Strixhaven,239,foil,rare,2,112221,2a812fa7-4599-4e25-97db-20ffc6bc0b26,1.7,FALSE,FALSE,near_mint,en,AUD,2026-07-11T13:53:28.982Z
A.I.M. Labs,MSH,Marvel Super Heroes,257,normal,common,1,113987,ca24cd9f-fd9f-4ea0-8b9c-ecf98db219a6,0.26,FALSE,FALSE,near_mint,en,AUD,2026-07-29T04:59:30.692Z
"Iron Fist, Living Weapon",MSH,Marvel Super Heroes,138,normal,uncommon,1,113193,5cc2d948-ac8b-4466-b604-3fabc0ab6bb9,0.29,FALSE,FALSE,near_mint,en,AUD,2026-07-29T04:59:30.691Z
"Swordsman, Sharp Scoundrel",MSH,Marvel Super Heroes,116,normal,uncommon,1,113753,6572aafe-18ed-4182-92e9-25f003f5fe3d,0.19,FALSE,FALSE,near_mint,en,AUD,2026-07-29T04:59:30.690Z
"Agent 13, Sharon Carter",MSH,Marvel Super Heroes,1,normal,uncommon,1,113355,107cb521-9806-47dc-92d8-b43112b63caa,0.32,FALSE,FALSE,near_mint,en,AUD,2026-07-29T04:59:30.689Z
Repulsor Blast,MSH,Marvel Super Heroes,150,normal,common,1,113826,837265b0-fc15-4d96-9d6b-fd1c78534262,0.19,FALSE,FALSE,near_mint,en,AUD,2026-07-29T04:59:30.688Z
Powerful Broker,MSH,Marvel Super Heroes,179,normal,common,1,113818,801f0417-b663-4e28-9a61-9570061654d7,0.16,FALSE,FALSE,near_mint,en,AUD,2026-07-29T04:59:30.687Z
Super Suit,MSH,Marvel Super Heroes,78,normal,common,1,114056,e87f3a26-c2e5-47c7-b19d-bc01cb794805,0.23,FALSE,FALSE,near_mint,en,AUD,2026-07-29T04:59:30.686Z
Stark Industries Executive,MSH,Marvel Super Heroes,153,normal,common,1,113772,709ffd07-706c-471f-b74d-4637afa11686,0.23,FALSE,FALSE,near_mint,en,AUD,2026-07-29T04:59:30.685Z
Brave Brawler,MSH,Marvel Super Heroes,8,normal,common,1,113587,2242b5c3-42ef-4be0-a61f-65c93e56fcab,0.11,FALSE,FALSE,near_mint,en,AUD,2026-07-29T04:59:30.683Z
Raft Security Officer,MSH,Marvel Super Heroes,33,normal,common,1,114095,f9b9f9d6-b50c-4b29-80be-284ba773c70b,0.09,FALSE,FALSE,near_mint,en,AUD,2026-07-29T04:59:30.681Z
Villain,TMSH,Marvel Super Heroes Tokens,9,normal,common,1,114297,4a51b6a0-9a54-4f01-b959-0a28c15d103f,,FALSE,FALSE,near_mint,en,AUD,2026-07-29T04:59:30.680Z
Los Diablos Missile Base,MSH,Marvel Super Heroes,270,normal,common,1,113586,2123fcb5-8181-47ab-9a2d-7ede5b5118e8,0.26,FALSE,FALSE,near_mint,en,AUD,2026-07-29T04:59:30.679Z
Truck Toss,MSH,Marvel Super Heroes,157,normal,uncommon,1,113739,60f02fbf-1416-48a3-bf94-f27509f6983a,0.2,FALSE,FALSE,near_mint,en,AUD,2026-07-29T04:59:30.678Z
"Arnim Zola, Bio-Fanatic",MSH,Marvel Super Heroes,86,normal,uncommon,1,113525,07c70df6-b064-424a-852e-201b312a5b54,0.22,FALSE,FALSE,near_mint,en,AUD,2026-07-29T04:59:30.677Z
Kid Loki,MSH,Marvel Super Heroes,63,normal,uncommon,1,113727,5c9ff69e-6489-49f3-b401-64856f0b7c11,0.42,FALSE,FALSE,near_mint,en,AUD,2026-07-29T04:59:30.676Z
Blazing Crescendo,MSH,Marvel Super Heroes,125,normal,common,1,113828,8447c3d6-8c65-4d3c-81c4-609801602d06,0.37,FALSE,FALSE,near_mint,en,AUD,2026-07-29T04:59:30.675Z
Go Nuts!,MSH,Marvel Super Heroes,168,normal,common,1,113136,152a7b5b-2d95-45d3-8fd9-0ca1d5a79f8b,0.23,FALSE,FALSE,near_mint,en,AUD,2026-07-29T04:59:30.674Z
Machinesmith Automaton,MSH,Marvel Super Heroes,144,normal,common,1,113819,802e663e-9529-46da-8af4-eb9ca07971b1,0.22,FALSE,FALSE,near_mint,en,AUD,2026-07-29T04:59:30.673Z
Frozen in Ice,MSH,Marvel Super Heroes,54,normal,common,1,113908,a990260b-39b7-4799-930a-bf9ac208d9ed,0.22,FALSE,FALSE,near_mint,en,AUD,2026-07-29T04:59:30.672Z
Agents of S.H.I.E.L.D.,MSH,Marvel Super Heroes,5,normal,common,1,114023,d9b5e156-0764-44e0-b0c7-de2561ea9e04,0.17,FALSE,FALSE,near_mint,en,AUD,2026-07-29T04:59:30.670Z
Hour of Defeat,MSH,Marvel Super Heroes,99,normal,common,1,113887,9e0034dd-396e-46af-b931-0daa25da4406,0.1,FALSE,FALSE,near_mint,en,AUD,2026-07-29T04:59:30.669Z
"U.S.Agent, John Walker",MSH,Marvel Super Heroes,236,normal,uncommon,1,113364,35e11911-799c-4d82-9109-3ca27964bef0,0.23,FALSE,FALSE,near_mint,en,AUD,2026-07-29T04:59:30.668Z
Vision Quest,MSH,Marvel Super Heroes,237,normal,rare,1,113959,c01afea6-645d-4d4f-bdaa-90794a628bcd,0.4,FALSE,FALSE,near_mint,en,AUD,2026-07-29T04:59:30.667Z
Worlds Within Worlds,MSH,Marvel Super Heroes,241,normal,rare,1,113175,4765e39c-cbf2-4605-9bf1-3baad7d92cfb,0.32,FALSE,FALSE,near_mint,en,AUD,2026-07-29T04:59:30.666Z
"Arnim Zola, Bio-Fanatic",MSH,Marvel Super Heroes,86,foil,uncommon,1,113525,07c70df6-b064-424a-852e-201b312a5b54,0.32,FALSE,FALSE,near_mint,en,AUD,2026-07-29T04:59:30.665Z
"Speed, Young Avenger",MSH,Marvel Super Heroes,152,foil,uncommon,1,114002,d15d187b-dc5d-482d-a79a-b9b98193ad7a,0.37,FALSE,FALSE,near_mint,en,AUD,2026-07-29T04:59:30.664Z
Aunt May,MSC,Marvel Super Heroes Commander,768,foil,uncommon,1,113590,252c2564-c39d-476d-b7d0-43aee625fcaa,0.57,FALSE,FALSE,near_mint,en,AUD,2026-07-29T04:59:30.663Z
Gallant Citizen,MSC,Marvel Super Heroes Commander,820,normal,common,1,114065,ec64e524-531c-4e6d-a10f-23bb49ce88c0,0.3,FALSE,FALSE,near_mint,en,AUD,2026-07-29T04:59:30.662Z
"Bushmaster, Coiled Henchman",MSC,Marvel Super Heroes Commander,716,foil,common,1,113534,0e249024-f9d6-459e-ac2e-53209abb7d53,2.38,FALSE,FALSE,near_mint,en,AUD,2026-07-29T04:59:30.661Z
Stark Industries Executive,MSH,Marvel Super Heroes,153,foil,common,1,113772,709ffd07-706c-471f-b74d-4637afa11686,0.34,FALSE,FALSE,near_mint,en,AUD,2026-07-29T04:59:30.660Z
Trickster's Stratagem,MSH,Marvel Super Heroes,81,normal,common,1,113744,620376d0-dc0c-405f-8121-eb36d9b4f4c2,0.07,FALSE,FALSE,near_mint,en,AUD,2026-07-29T04:59:30.659Z
K'un-Lun Warrior,MSH,Marvel Super Heroes,140,foil,common,1,114053,e6e8359d-12be-49be-8cbe-6a3b8506a9e6,0.26,FALSE,FALSE,near_mint,en,AUD,2026-07-29T04:59:30.658Z
Giant-Sized Flying Ant,MSH,Marvel Super Heroes,56,foil,common,1,114024,da529bb3-725b-41aa-ac34-b4117ff5d95b,0.29,FALSE,FALSE,near_mint,en,AUD,2026-07-29T04:59:30.657Z
Plains,MSH,Marvel Super Heroes,277,foil,common,1,113252,be30f027-ffdd-4d81-bed2-4adb6b4b803f,0.44,FALSE,FALSE,near_mint,en,AUD,2026-07-29T04:59:30.656Z
Take Up the Shield,MSH,Marvel Super Heroes,39,foil,common,1,113700,5199d708-8b11-461d-9e91-3e8cd70906f7,0.36,FALSE,FALSE,near_mint,en,AUD,2026-07-29T04:59:30.655Z
Foreboding Ruins,MSC,Marvel Super Heroes Commander,473,normal,rare,1,114480,8fd4bbaa-8e5a-4a12-9a7b-6dbc8bfefb3f,0.52,FALSE,FALSE,near_mint,en,AUD,2026-07-29T04:59:30.654Z
The Super Hero Civil War,MSH,Marvel Super Heroes,308,normal,rare,1,113331,3260ac51-1e78-4cb2-9dd8-bbe1b6692583,0.57,FALSE,FALSE,near_mint,en,AUD,2026-07-29T04:59:30.653Z
"The Thing, Ben Grimm",MSH,Marvel Super Heroes,322,foil,uncommon,1,113137,16a98e97-2b63-4fcb-a3fc-5f8298f6ab12,0.59,FALSE,FALSE,near_mint,en,AUD,2026-07-29T04:59:30.652Z
"Speed, Young Avenger",MSH,Marvel Super Heroes,152,normal,uncommon,1,114002,d15d187b-dc5d-482d-a79a-b9b98193ad7a,0.22,FALSE,FALSE,near_mint,en,AUD,2026-07-29T04:59:30.651Z
"Arnim Zola, Bio-Fanatic",MSH,Marvel Super Heroes,319,normal,uncommon,1,113859,8e3fdece-348a-45eb-871f-fffa91a1fbda,0.37,FALSE,FALSE,near_mint,en,AUD,2026-07-29T04:59:30.650Z
HULK SMASH!,MSH,Marvel Super Heroes,332,normal,common,1,113129,0d01bc37-ebf4-4f08-9beb-fef8787f8e7a,0.3,FALSE,FALSE,near_mint,en,AUD,2026-07-29T04:59:30.649Z
Go Nuts!,MSH,Marvel Super Heroes,168,foil,common,1,113136,152a7b5b-2d95-45d3-8fd9-0ca1d5a79f8b,0.36,FALSE,FALSE,near_mint,en,AUD,2026-07-29T04:59:30.648Z
Avengers Assemble!,MSH,Marvel Super Heroes,6,normal,mythic,1,113255,bf736399-af74-4f52-9159-67ea67d0cf83,1.52,FALSE,FALSE,near_mint,en,AUD,2026-07-29T04:59:30.647Z
Hell's Kitchen,MSH,Marvel Super Heroes,268,normal,common,1,113741,6137c34e-cc4c-4342-a8e4-cfa9c767c67b,0.3,FALSE,FALSE,near_mint,en,AUD,2026-07-29T04:59:30.646Z
Web Up,MSH,Marvel Super Heroes,41,normal,common,1,113882,9a1b057b-229c-4f65-ba4e-12dd342238de,0.16,FALSE,FALSE,near_mint,en,AUD,2026-07-29T04:59:30.645Z
Agent of Atlas,MSH,Marvel Super Heroes,3,normal,common,1,113910,a9db550e-ed1f-4973-a7f5-ec2e6adb8e6b,0.19,FALSE,FALSE,near_mint,en,AUD,2026-07-29T04:59:30.643Z
Rapid Rescue,MSH,Marvel Super Heroes,181,normal,common,1,114015,d739e636-681e-4423-84e3-91efd02b2c94,0.19,FALSE,FALSE,near_mint,en,AUD,2026-07-29T04:59:30.642Z
Futurist Forge,MSH,Marvel Super Heroes,55,normal,common,1,113901,a50feebf-c660-43f1-9fae-75294703b346,0.24,FALSE,FALSE,near_mint,en,AUD,2026-07-29T04:59:30.641Z
K'un-Lun Warrior,MSH,Marvel Super Heroes,140,normal,common,1,114053,e6e8359d-12be-49be-8cbe-6a3b8506a9e6,0.1,FALSE,FALSE,near_mint,en,AUD,2026-07-29T04:59:30.640Z
"Hercules, Prince of Power",MSH,Marvel Super Heroes,171,normal,uncommon,1,113384,d610d9fe-f8ae-473f-9325-e2f28f7e8a69,0.14,FALSE,FALSE,near_mint,en,AUD,2026-07-29T04:59:30.639Z
"Grim Reaper, Lethal Legionnaire",MSH,Marvel Super Heroes,98,normal,uncommon,1,113411,4b1cedfe-4712-4602-a8a8-112bd54c9938,0.24,FALSE,FALSE,near_mint,en,AUD,2026-07-29T04:59:30.638Z
Commune with Dinosaurs,MSC,Marvel Super Heroes Commander,814,foil,common,1,113922,afdb523f-68e7-43f9-b327-e356a67a09cb,0.52,FALSE,FALSE,near_mint,en,AUD,2026-07-29T04:59:30.637Z
Sif's Spearmaster,MSC,Marvel Super Heroes Commander,765,foil,common,1,113817,7fed8476-176b-47a4-a646-368ca4b52f41,0.52,FALSE,FALSE,near_mint,en,AUD,2026-07-29T04:59:30.636Z
"Abomination, Terrifying Titan",MSH,Marvel Super Heroes,198,normal,uncommon,1,113361,2c6ab9bb-dba2-4b5b-a4d9-54735f65ac21,0.32,FALSE,FALSE,near_mint,en,AUD,2026-07-29T04:59:30.635Z
"Klaw, Sonic Subjugator",MSH,Marvel Super Heroes,103,foil,uncommon,1,113980,c79a86f8-24e9-49a2-8b1c-72a72fed1985,0.36,FALSE,FALSE,near_mint,en,AUD,2026-07-29T04:59:30.634Z
Avengers Hangar,MSH,Marvel Super Heroes,259,foil,common,1,113977,c5d03ebb-1ce9-4a6b-b13e-a72f0b075ae8,0.43,FALSE,FALSE,near_mint,en,AUD,2026-07-29T04:59:30.633Z
Pym Technologies,MSH,Marvel Super Heroes,271,foil,common,1,113578,1de583ce-e805-45f1-907f-198bc82fd3b5,0.32,FALSE,FALSE,near_mint,en,AUD,2026-07-29T04:59:30.632Z
Murdock's Crusade,MSH,Marvel Super Heroes,24,normal,common,1,113234,98df64ca-39c3-47e6-8143-4106c8e9cf59,0.27,FALSE,FALSE,near_mint,en,AUD,2026-07-29T04:59:30.631Z
"Human Torch, Johnny Storm",MSH,Marvel Super Heroes,321,foil,uncommon,1,113155,2fa8010c-3f88-4fbe-880e-7facfea06893,0.63,FALSE,FALSE,near_mint,en,AUD,2026-07-29T04:59:30.630Z
Unlucky Witness,MSC,Marvel Super Heroes Commander,812,normal,uncommon,1,113693,4f8715ac-5654-44c6-8892-ad76f06b4fe5,0.53,FALSE,FALSE,near_mint,en,AUD,2026-07-29T04:59:30.629Z
Swamp,LRW,Lorwyn,291,normal,common,1,25151,8f9dc477-a3e4-4fc0-af62-c8b8eb68d360,3.08,FALSE,FALSE,near_mint,en,AUD,2026-07-29T04:59:30.628Z
Unlucky Witness,MSC,Marvel Super Heroes Commander,812,foil,uncommon,1,113693,4f8715ac-5654-44c6-8892-ad76f06b4fe5,0.43,FALSE,FALSE,near_mint,en,AUD,2026-07-29T04:59:30.627Z
Forest,MSH,Marvel Super Heroes,285,foil,common,1,113276,e5da22bf-bc8a-4810-b273-1e33a6b37323,0.46,FALSE,FALSE,near_mint,en,AUD,2026-07-29T04:59:30.626Z
"Leader, Super-Genius",MSH,Marvel Super Heroes,330,normal,rare,1,113245,aef5d45a-de20-4c27-866d-f305b04cd47a,1.86,FALSE,FALSE,near_mint,en,AUD,2026-07-29T04:59:30.625Z
The Spear of Bashenga,MSC,Marvel Super Heroes Commander,322,normal,rare,1,114543,c2cade93-0bd4-45ec-adf3-0e91f5a0cf4d,1,FALSE,FALSE,near_mint,en,AUD,2026-07-29T04:59:30.624Z
"Aurelia, the Warleader",MAR,Marvel Universe,86,normal,mythic,1,114118,ef2efb63-2bc4-4808-9ded-ba93d89dedea,4.42,FALSE,FALSE,near_mint,en,AUD,2026-07-29T04:59:30.623Z
Reconnaissance Mission,MAR,Marvel Universe,59,normal,mythic,1,113305,875dfbf5-9313-439b-b021-8b92d898baa4,1.45,FALSE,FALSE,near_mint,en,AUD,2026-07-29T04:59:30.622Z
Gran-Gran,TLA,Avatar: The Last Airbender,54,normal,uncommon,1,109586,fa434b41-e5f7-4989-865a-95db67b05cb1,0.44,FALSE,FALSE,near_mint,en,AUD,2026-07-29T04:59:30.621Z
Consider,TLE,Avatar: The Last Airbender Eternal,157,foil,common,1,109698,4f28e706-c488-4525-ad8a-977a5fa77f80,1.28,FALSE,FALSE,near_mint,en,AUD,2026-07-29T04:59:30.619Z
"Spider-Man, To the Rescue",MSH,Marvel Super Heroes,335,normal,uncommon,1,113840,87dd1800-b9b6-4bac-a504-28146a42a4b4,0.36,FALSE,FALSE,near_mint,en,AUD,2026-07-29T04:59:30.618Z
Taunt from the Rampart,MSC,Marvel Super Heroes Commander,420,normal,rare,1,114460,80bdcb50-fd71-4824-8459-981ff721e198,2.08,FALSE,FALSE,near_mint,en,AUD,2026-07-29T04:59:30.617Z
"Rescue, Pepper Potts",MSC,Marvel Super Heroes Commander,755,normal,uncommon,1,113673,476f75a4-a4e0-4d09-9756-f1001ebabc84,0.32,FALSE,FALSE,near_mint,en,AUD,2026-07-29T04:59:30.616Z
Stegron the Dinosaur Man,MSC,Marvel Super Heroes Commander,810,normal,common,1,113736,5fef478f-3cb4-4b1f-9544-d7690d2b5144,0.44,FALSE,FALSE,near_mint,en,AUD,2026-07-29T04:59:30.615Z
Quinjet Technician,MSC,Marvel Super Heroes Commander,703,normal,common,1,113903,a65b9024-fcca-497d-afb9-5ce9466d796f,0.39,FALSE,FALSE,near_mint,en,AUD,2026-07-29T04:59:30.614Z
"Spider-Man, To the Rescue",MSH,Marvel Super Heroes,228,foil,uncommon,1,114050,e5db6968-1ca3-46bd-8cf9-e2c411ab29c1,0.37,FALSE,FALSE,near_mint,en,AUD,2026-07-29T04:59:30.613Z
Hex Magic,MSH,Marvel Super Heroes,133,foil,uncommon,1,113591,259bed47-1950-43ae-8efd-3009537529a8,5.84,FALSE,FALSE,near_mint,en,AUD,2026-07-29T04:59:30.612Z
Aerial Doombot,MSH,Marvel Super Heroes,43,foil,common,1,114054,e727ec1c-dc3b-4f1a-8a62-18549f118b89,0.34,FALSE,FALSE,near_mint,en,AUD,2026-07-29T04:59:30.611Z
Savage Land Dinosaur,MSH,Marvel Super Heroes,185,foil,common,1,113714,562bd376-3fba-4de0-b9fc-183004b03732,0.39,FALSE,FALSE,near_mint,en,AUD,2026-07-29T04:59:30.610Z
Crowd of True Believers,MSH,Marvel Super Heroes,14,normal,common,1,113684,4b2fffb8-d538-4772-8fbc-9bec3b9c4d9c,0.09,FALSE,FALSE,near_mint,en,AUD,2026-07-29T04:59:30.609Z
Doom Reigns Supreme,MSH,Marvel Super Heroes,407,normal,rare,1,113263,d2468de2-fdb1-4d92-a303-30d255423ddf,1.15,FALSE,FALSE,near_mint,en,AUD,2026-07-29T04:59:30.608Z
Island,MSH,Marvel Super Heroes,279,foil,common,1,113225,8c1467b1-ff2c-4f73-91ba-bc2b07afc2c3,0.43,FALSE,FALSE,near_mint,en,AUD,2026-07-29T04:59:30.607Z
Energybending,TLA,Avatar: The Last Airbender,2,normal,uncommon,1,109456,6c085441-e023-4032-89a0-d24ce5060ac3,0.33,FALSE,FALSE,near_mint,en,AUD,2026-07-29T04:59:30.604Z
Trusty Boomerang,TLA,Avatar: The Last Airbender,260,foil,uncommon,1,109564,df99a166-6d58-4d92-9037-2fdfbaf65629,0.32,FALSE,FALSE,near_mint,en,AUD,2026-07-29T04:59:30.602Z
Plains,TLA,Avatar: The Last Airbender,282,foil,common,1,108193,4069fb4a-8ee1-41ef-ab93-39a8cc58e0e5,0.27,FALSE,FALSE,near_mint,en,AUD,2026-07-29T04:59:30.601Z
Foggy Bottom Swamp,TLA,Avatar: The Last Airbender,269,foil,common,1,109396,226af626-873d-4bd2-b889-000f8316786f,0.36,FALSE,FALSE,near_mint,en,AUD,2026-07-29T04:59:30.600Z
Thriving Heath,TLE,Avatar: The Last Airbender Eternal,262,foil,common,1,108171,202ae1e5-df13-4a6f-9202-6a2573809f73,0.47,FALSE,FALSE,near_mint,en,AUD,2026-07-29T04:59:30.599Z
Island,TLA,Avatar: The Last Airbender,283,normal,common,1,108255,a2e22347-f0cb-4cfd-88a3-4f46a16e4946,0.24,FALSE,FALSE,near_mint,en,AUD,2026-07-29T04:59:30.594Z
Boiling Rock Prison,TLA,Avatar: The Last Airbender,267,normal,common,1,109390,1c2e2220-54d1-4180-93a0-964e3b0ba8b8,0.34,FALSE,FALSE,near_mint,en,AUD,2026-07-29T04:59:30.593Z
Secret Tunnel,TLA,Avatar: The Last Airbender,278,normal,rare,1,109406,2d39a0e1-6484-409c-ab05-5b276925a949,4.3,FALSE,FALSE,near_mint,en,AUD,2026-07-29T04:59:30.592Z
Swamp,TLA,Avatar: The Last Airbender,294,foil,common,1,109442,5c818f03-0e20-4ef4-bac7-11b2b7f41b5c,0.49,FALSE,FALSE,near_mint,en,AUD,2026-07-29T04:59:30.591Z
Island,TLA,Avatar: The Last Airbender,288,foil,common,1,108138,d894c61a-4062-442e-8ead-5197c3bffd00,0.57,FALSE,FALSE,near_mint,en,AUD,2026-07-29T04:59:30.590Z
Mongoose Lizard,TLA,Avatar: The Last Airbender,148,normal,common,1,108232,7d40b9cb-82ef-44c5-8d3c-c8bb4ce9891c,0.17,FALSE,FALSE,near_mint,en,AUD,2026-07-29T04:59:30.577Z
Wandering Musicians,TLA,Avatar: The Last Airbender,250,normal,common,1,109916,3da81dbd-dc80-47ff-a33b-270d23a24e0a,0.1,FALSE,FALSE,near_mint,en,AUD,2026-07-29T04:59:30.575Z
Tiger-Dillo,TLA,Avatar: The Last Airbender,155,normal,uncommon,1,109369,067bd117-04e6-410e-89c4-6d431d627751,0.13,FALSE,FALSE,near_mint,en,AUD,2026-07-29T04:59:30.573Z
Fire Sages,TLA,Avatar: The Last Airbender,136,normal,uncommon,1,108225,71a9fa44-306f-417a-a9d9-991aff95025c,0.26,FALSE,FALSE,near_mint,en,AUD,2026-07-29T04:59:30.571Z
The Cave of Two Lovers,TLA,Avatar: The Last Airbender,126,normal,uncommon,1,109432,50bf5c8b-f218-46b7-843c-8d8083f02fd2,0.29,FALSE,FALSE,near_mint,en,AUD,2026-07-29T04:59:30.570Z
Sun Warriors,TLA,Avatar: The Last Airbender,244,normal,uncommon,1,109567,e477d750-42d2-48c8-bc1f-8148d15d5f53,0.36,FALSE,FALSE,near_mint,en,AUD,2026-07-29T04:59:30.569Z
Jet's Brainwashing,TLA,Avatar: The Last Airbender,143,normal,uncommon,1,109519,b17e8bdb-4b91-4a9d-bfe1-8a55f0bd040b,0.27,FALSE,FALSE,near_mint,en,AUD,2026-07-29T04:59:30.567Z
Iroh's Demonstration,TLA,Avatar: The Last Airbender,141,normal,uncommon,1,109643,18d15fed-1f8f-4407-a221-a47ce75001a8,0.42,FALSE,FALSE,near_mint,en,AUD,2026-07-29T04:59:30.566Z
Lightning Strike,TLA,Avatar: The Last Airbender,146,normal,common,1,108213,5787b0e0-9469-4a6d-8b81-c992628e28c0,0.2,FALSE,FALSE,near_mint,en,AUD,2026-07-29T04:59:30.565Z
"Iroh, Tea Master",TLA,Avatar: The Last Airbender,228,normal,rare,1,109546,d1f5e10d-0a89-4129-9717-a921f20d3616,0.4,FALSE,FALSE,near_mint,en,AUD,2026-07-29T04:59:30.563Z
Fire Lord Zuko,TLA,Avatar: The Last Airbender,221,normal,rare,1,108140,e62d3bcc-7bb4-42be-90a9-caf3c1caa29d,0.47,FALSE,FALSE,near_mint,en,AUD,2026-07-29T04:59:30.562Z
Iguana Parrot,TLA,Avatar: The Last Airbender,56,normal,common,1,108235,7faa3e3d-c08a-4908-85ef-1370d3f90815,0.23,FALSE,FALSE,near_mint,en,AUD,2026-07-29T04:59:30.558Z
Lost Days,TLA,Avatar: The Last Airbender,62,normal,common,1,109559,db8e88e3-0931-403f-90e7-3c22c0b61dac,0.22,FALSE,FALSE,near_mint,en,AUD,2026-07-29T04:59:30.556Z
Great Divide Guide,TLA,Avatar: The Last Airbender,181,normal,rare,1,109795,cc3063ec-5ea6-46c1-8331-c740cbaf6c76,1.69,FALSE,FALSE,near_mint,en,AUD,2026-07-29T04:59:30.553Z
"Bumi, Eclectic Earthbender",TLE,Avatar: The Last Airbender Eternal,248,normal,rare,1,108304,f324a384-7380-4f6e-bbba-fac1f2a01b5d,12.35,FALSE,FALSE,near_mint,en,AUD,2026-07-29T04:59:30.552Z
"Katara, Bending Prodigy",TLA,Avatar: The Last Airbender,59,normal,uncommon,1,108294,e8372167-383f-4302-a8ea-b6bf495c870c,0.33,FALSE,FALSE,near_mint,en,AUD,2026-07-29T04:59:30.551Z
North Pole Patrol,TLA,Avatar: The Last Airbender,65,normal,uncommon,1,109536,c2c0c138-5b61-4949-8431-4a6d458ead6a,0.32,FALSE,FALSE,near_mint,en,AUD,2026-07-29T04:59:30.550Z
Master Pakku,TLA,Avatar: The Last Airbender,63,normal,uncommon,1,108246,91e30df5-63f7-4281-8d64-8d522d663652,0.26,FALSE,FALSE,near_mint,en,AUD,2026-07-29T04:59:30.549Z
First-Time Flyer,TLA,Avatar: The Last Airbender,49,normal,common,1,108296,ea22d29d-3a62-4ae2-91d5-21a678be9b48,0.09,FALSE,FALSE,near_mint,en,AUD,2026-07-29T04:59:30.548Z
Waterbending Scroll,TLA,Avatar: The Last Airbender,81,normal,uncommon,1,109917,50d0be73-a2c8-44a0-9178-9949f342f6f9,0.34,FALSE,FALSE,near_mint,en,AUD,2026-07-29T04:59:30.547Z
"Katara, Bending Prodigy",TLA,Avatar: The Last Airbender,59,foil,uncommon,1,108294,e8372167-383f-4302-a8ea-b6bf495c870c,0.42,FALSE,FALSE,near_mint,en,AUD,2026-07-29T04:59:30.544Z
"Hama, the Bloodbender",TLA,Avatar: The Last Airbender,224,normal,uncommon,1,109461,6fa1197d-7b19-4d86-81e2-5c87de87757b,0.19,FALSE,FALSE,near_mint,en,AUD,2026-07-29T04:59:30.543Z
"Yue, the Moon Spirit",TLA,Avatar: The Last Airbender,338,normal,rare,1,107852,b50e8e26-0f3c-4478-8827-dc3245f31d8a,2.75,FALSE,FALSE,near_mint,en,AUD,2026-07-29T04:59:30.541Z
Curious Farm Animals,TLA,Avatar: The Last Airbender,14,normal,common,1,109654,2402d759-84b6-41d2-ad78-9333974e9222,0.34,FALSE,FALSE,near_mint,en,AUD,2026-07-29T04:59:30.536Z
Cat-Owl,TLA,Avatar: The Last Airbender,212,normal,common,1,108285,d7df3391-dbe5-4eb4-85c1-037c5f3ea971,0.13,FALSE,FALSE,near_mint,en,AUD,2026-07-29T04:59:30.534Z
Pretending Poxbearers,TLA,Avatar: The Last Airbender,237,normal,common,1,108282,d1af91a5-8681-4a05-910d-96f7a819bfaa,0.14,FALSE,FALSE,near_mint,en,AUD,2026-07-29T04:59:30.532Z
Jeong Jeong's Deserters,TLA,Avatar: The Last Airbender,25,normal,common,1,108152,060966f9-5e56-4512-9ef3-2b216daf093c,0.11,FALSE,FALSE,near_mint,en,AUD,2026-07-29T04:59:30.531Z
Rabaroo Troop,TLA,Avatar: The Last Airbender,32,normal,common,1,108219,62a983b4-ac73-4949-9317-05a75a8ce164,0.19,FALSE,FALSE,near_mint,en,AUD,2026-07-29T04:59:30.530Z
"Eruth, Tormented Prophet",VOW,Innistrad: Crimson Vow,342,normal,rare,1,64230,5ecbb622-f33b-4192-9b42-8872b35cc409,0.56,FALSE,FALSE,near_mint,en,AUD,2026-07-29T04:59:30.528Z
Earth Kingdom Protectors,TLA,Avatar: The Last Airbender,17,normal,uncommon,1,109801,d263472e-1d75-4cb9-8f7b-986fa22bc841,0.3,FALSE,FALSE,near_mint,en,AUD,2026-07-29T04:59:30.527Z
Earth Kingdom Jailer,TLA,Avatar: The Last Airbender,16,normal,uncommon,1,109746,9207362c-3605-4794-803f-ad1d0175fcca,0.24,FALSE,FALSE,near_mint,en,AUD,2026-07-29T04:59:30.526Z
"Momo, Playful Pet",TLA,Avatar: The Last Airbender,30,foil,uncommon,1,109491,9350bf4a-fa12-4867-b31f-1f1394d99571,0.4,FALSE,FALSE,near_mint,en,AUD,2026-07-29T04:59:30.525Z
"Aang, the Last Airbender",TLA,Avatar: The Last Airbender,4,normal,uncommon,1,108175,245e008c-e073-443f-9592-6f628c0026ec,0.34,FALSE,FALSE,near_mint,en,AUD,2026-07-29T04:59:30.524Z
Team Avatar,TLA,Avatar: The Last Airbender,38,normal,uncommon,1,109768,a9a5f6f7-f04d-477f-b67f-fd01a5dcc0f5,0.34,FALSE,FALSE,near_mint,en,AUD,2026-07-29T04:59:30.523Z
Airbender's Reversal,TLA,Avatar: The Last Airbender,7,normal,uncommon,1,109715,6b7078e4-2892-4b5f-83ab-90369e0d6dba,0.37,FALSE,FALSE,near_mint,en,AUD,2026-07-29T04:59:30.522Z
Invasion Reinforcements,TLA,Avatar: The Last Airbender,24,foil,uncommon,1,109783,b8845bba-d116-43cd-8ae0-e553f3324d66,0.3,FALSE,FALSE,near_mint,en,AUD,2026-07-29T04:59:30.521Z
"Sokka, Lateral Strategist",TLA,Avatar: The Last Airbender,241,normal,uncommon,1,108161,1326c5db-4615-495f-8e30-376243d91352,0.3,FALSE,FALSE,near_mint,en,AUD,2026-07-29T04:59:30.520Z
"Sokka, Lateral Strategist",TLA,Avatar: The Last Airbender,241,foil,uncommon,1,108161,1326c5db-4615-495f-8e30-376243d91352,0.39,FALSE,FALSE,near_mint,en,AUD,2026-07-29T04:59:30.519Z
Foggy Swamp Hunters,TLA,Avatar: The Last Airbender,101,normal,common,1,109689,3f6e5869-ca25-4b98-a844-8a498cb40aab,0.13,FALSE,FALSE,near_mint,en,AUD,2026-07-29T04:59:30.518Z
Sold Out,TLA,Avatar: The Last Airbender,119,normal,common,1,109389,1affba6d-2cca-4cdf-8690-1e23ffbe8462,0.19,FALSE,FALSE,near_mint,en,AUD,2026-07-29T04:59:30.516Z
Beetle-Headed Merchants,TLA,Avatar: The Last Airbender,86,normal,common,1,108273,c2eed79f-38c1-4aac-9525-d54cb114f17f,0.13,FALSE,FALSE,near_mint,en,AUD,2026-07-29T04:59:30.515Z
Deadly Precision,TLA,Avatar: The Last Airbender,95,normal,common,1,109422,4661daf6-d960-4278-8946-70948efaf99d,0.22,FALSE,FALSE,near_mint,en,AUD,2026-07-29T04:59:30.514Z
Vindictive Warden,TLA,Avatar: The Last Airbender,249,normal,common,1,108159,0f34de05-39a9-425f-a3b4-3a9d46c917ac,0.19,FALSE,FALSE,near_mint,en,AUD,2026-07-29T04:59:30.513Z
Pirate Peddlers,TLA,Avatar: The Last Airbender,115,foil,common,1,109919,5c998994-6c3b-4f34-9b31-babba2b17266,0.3,FALSE,FALSE,near_mint,en,AUD,2026-07-29T04:59:30.511Z
Corrupt Court Official,TLA,Avatar: The Last Airbender,92,foil,common,1,108198,4692610e-d64c-438e-b5ad-0cf67fd57f1f,0.22,FALSE,FALSE,near_mint,en,AUD,2026-07-29T04:59:30.510Z
Purple Pentapus,TLE,Avatar: The Last Airbender Eternal,233,foil,common,1,108274,c3ec1b6e-2f63-4b84-a101-8764c3e6d0f2,0.42,FALSE,FALSE,near_mint,en,AUD,2026-07-29T04:59:30.509Z
Azula Always Lies,TLA,Avatar: The Last Airbender,84,normal,common,1,108194,416b9207-a2af-44d1-9b87-4943f6e46d42,0.26,FALSE,FALSE,near_mint,en,AUD,2026-07-29T04:59:30.508Z
Buzzard-Wasp Colony,TLA,Avatar: The Last Airbender,88,foil,uncommon,1,108195,42d83229-0555-4361-8964-4b525c825843,0.37,FALSE,FALSE,near_mint,en,AUD,2026-07-29T04:59:30.507Z
Wolfbat,TLA,Avatar: The Last Airbender,122,normal,uncommon,1,109666,2ae83b4e-e5a4-4c98-8d16-eef3c71b8ff2,0.26,FALSE,FALSE,near_mint,en,AUD,2026-07-29T04:59:30.506Z
Heartless Act,TLA,Avatar: The Last Airbender,103,normal,uncommon,1,108268,b57c57a8-d72b-4c6c-a2db-a7ef61190f42,0.32,FALSE,FALSE,near_mint,en,AUD,2026-07-29T04:59:30.505Z
"Lo and Li, Twin Tutors",TLA,Avatar: The Last Airbender,108,normal,uncommon,1,109794,cba9260d-ef07-4429-99f9-6004cc1fea0f,0.22,FALSE,FALSE,near_mint,en,AUD,2026-07-29T04:59:30.504Z
Ozai's Cruelty,TLA,Avatar: The Last Airbender,113,normal,uncommon,1,108173,22cad680-d46a-4589-a633-b6ee9a78d61e,0.37,FALSE,FALSE,near_mint,en,AUD,2026-07-29T04:59:30.503Z
"Hei Bai, Spirit of Balance",TLA,Avatar: The Last Airbender,225,normal,uncommon,1,108153,060d24e0-1567-41f1-ae8c-2d3b1834df3c,0.23,FALSE,FALSE,near_mint,en,AUD,2026-07-29T04:59:30.501Z
Zuko's Conviction,TLA,Avatar: The Last Airbender,123,normal,uncommon,1,109923,ad8933d6-cdc7-4d60-a78e-b43ffecfb136,0.36,FALSE,FALSE,near_mint,en,AUD,2026-07-29T04:59:30.500Z
Forecasting Fortune Teller,TLA,Avatar: The Last Airbender,51,normal,common,1,109366,023e7ad4-6af0-4f29-a716-27a313974227,0.17,FALSE,FALSE,near_mint,en,AUD,2026-07-29T04:59:30.499Z
Waterbending Lesson,TLA,Avatar: The Last Airbender,80,normal,common,1,108207,4f81e3b5-a0a9-4764-8c2d-b499ce1740b4,0.33,FALSE,FALSE,near_mint,en,AUD,2026-07-29T04:59:30.498Z
Geyser Leaper,TLA,Avatar: The Last Airbender,52,normal,common,1,108205,4d25428d-e5a5-43c4-8544-43120ed1c4d5,0.16,FALSE,FALSE,near_mint,en,AUD,2026-07-29T04:59:30.497Z
Dragonfly Swarm,TLA,Avatar: The Last Airbender,215,normal,uncommon,1,109387,16be5cc4-b15a-4c5e-8a6e-05c87b519127,0.32,FALSE,FALSE,near_mint,en,AUD,2026-07-29T04:59:30.496Z
Sokka's Haiku,TLA,Avatar: The Last Airbender,71,normal,uncommon,1,108102,004be4bc-ac3c-4026-8d36-f4687ab18c70,0.32,FALSE,FALSE,near_mint,en,AUD,2026-07-29T04:59:30.495Z
Platypus-Bear,TLA,Avatar: The Last Airbender,236,normal,common,1,109474,7ebf742a-3995-4b22-9dc7-b05f57889683,0.1,FALSE,FALSE,near_mint,en,AUD,2026-07-29T04:59:30.494Z
Foggy Swamp Vinebender,TLA,Avatar: The Last Airbender,180,normal,common,1,109727,78a75317-94f7-47a4-b4da-5a027fa73248,0.13,FALSE,FALSE,near_mint,en,AUD,2026-07-29T04:59:30.493Z
Turtle-Duck,TLA,Avatar: The Last Airbender,200,normal,common,1,108264,aefcd734-3916-4c77-9d98-3ea2c2795658,0.17,FALSE,FALSE,near_mint,en,AUD,2026-07-29T04:59:30.492Z
Ostrich-Horse,TLA,Avatar: The Last Airbender,188,normal,common,1,108215,5ca3fd45-9301-44ef-afc0-4d7999d66d36,0.13,FALSE,FALSE,near_mint,en,AUD,2026-07-29T04:59:30.491Z
Saber-Tooth Moose-Lion,TLA,Avatar: The Last Airbender,194,normal,common,1,108266,b15f302d-c451-4e79-a5af-75ee3ba4cadf,0.19,FALSE,FALSE,near_mint,en,AUD,2026-07-29T04:59:30.490Z
Earth Kingdom Soldier,TLA,Avatar: The Last Airbender,216,normal,common,1,108180,2d543d35-945a-4ffa-beb7-7c5d4f894f79,0.09,FALSE,FALSE,near_mint,en,AUD,2026-07-29T04:59:30.489Z
Badgermole,TLA,Avatar: The Last Airbender,166,normal,common,1,108260,aabbd420-b7fc-496f-9168-bad823d51d9e,0.22,FALSE,FALSE,near_mint,en,AUD,2026-07-29T04:59:30.487Z
Earthbending Lesson,TLA,Avatar: The Last Airbender,176,normal,common,1,108142,eccd63b3-3a3a-4661-9d6e-fb8152429bdb,0.3,FALSE,FALSE,near_mint,en,AUD,2026-07-29T04:59:30.485Z
"Flopsie, Bumi's Buddy",TLA,Avatar: The Last Airbender,179,normal,uncommon,1,108156,082f4abc-c09f-42cf-977f-060875dfd411,0.37,FALSE,FALSE,near_mint,en,AUD,2026-07-29T04:59:30.484Z
Earthbending Lesson,TLA,Avatar: The Last Airbender,176,foil,common,1,108142,eccd63b3-3a3a-4661-9d6e-fb8152429bdb,0.47,FALSE,FALSE,near_mint,en,AUD,2026-07-29T04:59:30.483Z
True Ancestry,TLA,Avatar: The Last Airbender,199,normal,uncommon,1,109486,8c55b333-dc8b-4332-895b-eec5eb45543f,0.34,FALSE,FALSE,near_mint,en,AUD,2026-07-29T04:59:30.481Z
Rebellious Captives,TLA,Avatar: The Last Airbender,191,foil,common,1,108293,e64a4a8b-323c-4c8b-92af-1a3295799e65,0.23,FALSE,FALSE,near_mint,en,AUD,2026-07-29T04:59:30.480Z
Hermitic Herbalist,TLA,Avatar: The Last Airbender,226,normal,uncommon,1,109707,5d0ee441-a057-41b5-abb8-dc86864ac248,0.3,FALSE,FALSE,near_mint,en,AUD,2026-07-29T04:59:30.478Z
Rockalanche,TLA,Avatar: The Last Airbender,192,normal,uncommon,1,109701,52b213d3-6f68-43e6-91e9-435d8fe1f34c,0.36,FALSE,FALSE,near_mint,en,AUD,2026-07-29T04:59:30.476Z
"Bosco, Just a Bear",TLE,Avatar: The Last Airbender Eternal,132,foil,uncommon,1,109814,dfb85545-22d0-4265-94e2-8805d2ccf0f8,3.34,FALSE,FALSE,near_mint,en,AUD,2026-07-29T04:59:30.475Z
Island,MSH,Marvel Super Heroes,279,normal,common,1,113225,8c1467b1-ff2c-4f73-91ba-bc2b07afc2c3,0.42,FALSE,FALSE,near_mint,en,AUD,2026-07-29T04:59:30.473Z
"Mai, Scornful Striker",TLA,Avatar: The Last Airbender,109,normal,rare,1,109465,74dd4c0e-27b8-4c47-b7a6-a281413cd6b4,1.42,FALSE,FALSE,near_mint,en,AUD,2026-07-29T04:59:30.472Z
Desperate Plea,TLE,Avatar: The Last Airbender Eternal,103,normal,rare,1,109780,b42b4b0e-39f6-4f93-a358-9bcec8d13b65,0.42,FALSE,FALSE,near_mint,en,AUD,2026-07-29T04:59:30.471Z
Drannith Magistrate,TLE,Avatar: The Last Airbender Eternal,2,normal,mythic,1,109808,d98bed02-600c-4cb3-bff5-960d362861fb,13.21,FALSE,FALSE,near_mint,en,AUD,2026-07-29T04:59:30.469Z
Airbender Ascension,TLA,Avatar: The Last Airbender,6,normal,rare,1,109497,99a90d13-891c-45cc-b1d5-6080ebae5862,1.99,FALSE,FALSE,near_mint,en,AUD,2026-07-29T04:59:30.468Z
Plains,TLA,Avatar: The Last Airbender,282,normal,common,1,108193,4069fb4a-8ee1-41ef-ab93-39a8cc58e0e5,0.23,FALSE,FALSE,near_mint,en,AUD,2026-07-29T04:59:30.467Z
Raucous Audience,TLA,Avatar: The Last Airbender,190,normal,common,1,108279,ccd03ec3-0fae-48b2-9f04-9c57d2f94267,0.27,FALSE,FALSE,near_mint,en,AUD,2026-07-29T04:59:30.460Z
Corrupt Court Official,TLA,Avatar: The Last Airbender,92,normal,common,1,108198,4692610e-d64c-438e-b5ad-0cf67fd57f1f,0.17,FALSE,FALSE,near_mint,en,AUD,2026-07-29T04:59:30.458Z
Master's Guidance,TLE,Avatar: The Last Airbender Eternal,206,normal,rare,1,109948,39e88a59-9aa5-40c6-8b27-275ec51aa21a,0.77,FALSE,FALSE,near_mint,en,AUD,2026-07-29T04:59:30.457Z
"Zhao, the Moon Slayer",TLA,Avatar: The Last Airbender,376,foil,rare,1,109714,6a438677-5355-4918-897e-fd2d5b693bb1,1.43,FALSE,FALSE,near_mint,en,AUD,2026-07-29T04:59:30.456Z
Plains,TLA,Avatar: The Last Airbender,287,foil,common,1,108129,8a880169-41ca-4507-83fd-306a489d31ce,0.54,FALSE,FALSE,near_mint,en,AUD,2026-07-29T04:59:30.454Z
Dai Li Agents,TLA,Avatar: The Last Airbender,306,foil,uncommon,1,109476,82822ac1-9288-4bac-8afd-83563e693731,0.47,FALSE,FALSE,near_mint,en,AUD,2026-07-29T04:59:30.453Z
Path to Redemption,TLA,Avatar: The Last Airbender,31,foil,common,1,108310,f936d64a-0db4-49c1-8a57-6d99e012a555,0.39,FALSE,FALSE,near_mint,en,AUD,2026-07-29T04:59:30.452Z
Fire Nation Cadets,TLA,Avatar: The Last Airbender,134,foil,common,1,109388,1a3a862c-9c9a-41cd-94d1-2d0cff22a6cd,0.33,FALSE,FALSE,near_mint,en,AUD,2026-07-29T04:59:30.451Z
Bender's Waterskin,TLA,Avatar: The Last Airbender,255,foil,common,1,108223,6d4a1712-d19e-4475-9614-a0b1af4da610,6.04,FALSE,FALSE,near_mint,en,AUD,2026-07-29T04:59:30.450Z
Destined Confrontation,TLA,Avatar: The Last Airbender,15,foil,uncommon,1,109803,d4605cf7-03bc-4a7f-b50a-49b83b09b54d,0.34,FALSE,FALSE,near_mint,en,AUD,2026-07-29T04:59:30.449Z
Ember Island Production,TLA,Avatar: The Last Airbender,48,foil,uncommon,1,109379,0f79a7fc-36b1-4397-8e67-6638379d3a38,0.5,FALSE,FALSE,near_mint,en,AUD,2026-07-29T04:59:30.448Z
Fire Sages,TLA,Avatar: The Last Airbender,136,foil,uncommon,1,108225,71a9fa44-306f-417a-a9d9-991aff95025c,0.42,FALSE,FALSE,near_mint,en,AUD,2026-07-29T04:59:30.447Z
The Art of Tea,TLE,Avatar: The Last Airbender Eternal,129,foil,common,1,109642,1897db0c-db6d-4018-bf2a-9221bb0d6e61,0.52,FALSE,FALSE,near_mint,en,AUD,2026-07-29T04:59:30.446Z
"Mai, Scornful Striker",TLA,Avatar: The Last Airbender,109,foil,rare,2,109465,74dd4c0e-27b8-4c47-b7a6-a281413cd6b4,2.06,FALSE,FALSE,near_mint,en,AUD,2026-07-29T04:59:30.455Z
Water Tribe Captain,TLA,Avatar: The Last Airbender,41,normal,common,2,109632,0a0cdf97-1927-47c6-8ef1-29969e3567ee,0.1,FALSE,FALSE,near_mint,en,AUD,2026-07-29T04:59:30.459Z
Octopus Form,TLA,Avatar: The Last Airbender,66,normal,common,3,109543,ce96a826-53a0-4029-bf34-46779d133b13,0.34,FALSE,FALSE,near_mint,en,AUD,2026-07-29T04:59:30.461Z
Walltop Sentries,TLA,Avatar: The Last Airbender,202,normal,common,3,109818,e55f1c63-58f6-4e2b-aaeb-f2d5faca47a2,0.17,FALSE,FALSE,near_mint,en,AUD,2026-07-29T04:59:30.462Z
Dai Li Agents,TLA,Avatar: The Last Airbender,214,normal,uncommon,2,109502,9ddb8715-341b-400a-b6eb-f3f90518157c,0.23,FALSE,FALSE,near_mint,en,AUD,2026-07-29T04:59:30.463Z
Fire Nation Cadets,TLA,Avatar: The Last Airbender,134,normal,common,3,109388,1a3a862c-9c9a-41cd-94d1-2d0cff22a6cd,0.19,FALSE,FALSE,near_mint,en,AUD,2026-07-29T04:59:30.464Z
"Mai, Jaded Edge",TLA,Avatar: The Last Airbender,147,normal,uncommon,2,109463,732e6bc9-0798-4c00-aea0-5ef4298b45f5,0.29,FALSE,FALSE,near_mint,en,AUD,2026-07-29T04:59:30.465Z
Boar-q-pine,TLA,Avatar: The Last Airbender,124,normal,common,3,109629,087a445c-5f63-45d6-83e8-20d22650db20,0.14,FALSE,FALSE,near_mint,en,AUD,2026-07-29T04:59:30.466Z
Redirect Lightning,TLA,Avatar: The Last Airbender,151,normal,rare,2,108110,2b5b14a7-1fdd-4efc-b197-cadfa7f7c860,17.48,FALSE,FALSE,near_mint,en,AUD,2026-07-29T04:59:30.470Z
"Sokka, Tenacious Tactician",TLA,Avatar: The Last Airbender,242,normal,rare,2,109578,f0fa5897-1da7-488f-bb19-1632e969c050,0.65,FALSE,FALSE,near_mint,en,AUD,2026-07-29T04:59:30.474Z
White Lotus Reinforcements,TLA,Avatar: The Last Airbender,251,normal,uncommon,2,109428,4c7e3e2f-d7ac-4d40-ab84-cb7efe06a316,0.29,FALSE,FALSE,near_mint,en,AUD,2026-07-29T04:59:30.477Z
"Haru, Hidden Talent",TLA,Avatar: The Last Airbender,182,normal,uncommon,2,108248,9657a0c0-2c26-4331-8e62-f032265a01af,0.4,FALSE,FALSE,near_mint,en,AUD,2026-07-29T04:59:30.482Z
Hog-Monkey,TLA,Avatar: The Last Airbender,104,normal,common,2,108206,4f442970-5355-4abf-8684-17daaa8e469b,0.16,FALSE,FALSE,near_mint,en,AUD,2026-07-29T04:59:30.512Z
Sandbenders' Storm,TLA,Avatar: The Last Airbender,34,normal,common,3,109779,b3bf4a25-4329-4318-870a-2b06aa620dc4,0.3,FALSE,FALSE,near_mint,en,AUD,2026-07-29T04:59:30.533Z
Razor Rings,TLA,Avatar: The Last Airbender,33,normal,common,2,108265,b05cfee5-ee59-4df6-a5f6-d9ef0fa7f98a,0.19,FALSE,FALSE,near_mint,en,AUD,2026-07-29T04:59:30.538Z
Waterbender Ascension,TLA,Avatar: The Last Airbender,79,normal,rare,2,109687,3f57e0f9-e232-489c-b991-d0d23f75d8dd,1.13,FALSE,FALSE,near_mint,en,AUD,2026-07-29T04:59:30.539Z
Abandon Attachments,TLA,Avatar: The Last Airbender,205,normal,common,2,108228,74ca45a4-97ab-4255-9129-884e8b42b984,0.47,FALSE,FALSE,near_mint,en,AUD,2026-07-29T04:59:30.546Z
Giant Koi,TLA,Avatar: The Last Airbender,53,normal,common,2,108186,3938ec1f-979c-48e5-bb13-bebace006a8f,0.2,FALSE,FALSE,near_mint,en,AUD,2026-07-29T04:59:30.557Z
Rowdy Snowballers,TLA,Avatar: The Last Airbender,68,normal,common,2,108165,17d71522-b133-4003-b787-0c742a2fd70e,0.09,FALSE,FALSE,near_mint,en,AUD,2026-07-29T04:59:30.560Z
War Balloon,TLA,Avatar: The Last Airbender,159,normal,uncommon,2,109451,6829b20d-c2fa-41a6-89ca-f21c522d8866,0.2,FALSE,FALSE,near_mint,en,AUD,2026-07-29T04:59:30.572Z
Rough Rhino Cavalry,TLA,Avatar: The Last Airbender,152,normal,common,2,108259,a8bc29cf-f6f8-4bb8-b722-f016b58b6d2d,0.11,FALSE,FALSE,near_mint,en,AUD,2026-07-29T04:59:30.579Z
Fire Nation Raider,TLA,Avatar: The Last Airbender,135,normal,common,2,109827,ede1bbdb-c726-46e3-aaf1-b8cf2be2c341,0.11,FALSE,FALSE,near_mint,en,AUD,2026-07-29T04:59:30.580Z
Cunning Maneuver,TLA,Avatar: The Last Airbender,130,normal,common,3,109380,0ff7c993-ba29-43b0-9639-7c4bc0292fa2,0.3,FALSE,FALSE,near_mint,en,AUD,2026-07-29T04:59:30.584Z
Earth Rumble Wrestlers,TLA,Avatar: The Last Airbender,218,normal,common,2,109466,74fca0b8-12e1-405f-b999-160d65fe0ade,0.09,FALSE,FALSE,near_mint,en,AUD,2026-07-29T04:59:30.587Z
Kyoshi Village,TLA,Avatar: The Last Airbender,271,normal,common,2,109487,8d5f3008-2af8-4e81-8847-1c91f524e747,0.4,FALSE,FALSE,near_mint,en,AUD,2026-07-29T04:59:30.595Z
Meditation Pools,TLA,Avatar: The Last Airbender,272,normal,common,2,109540,cc078fc6-4470-473f-9e24-d2c470e09141,0.46,FALSE,FALSE,near_mint,en,AUD,2026-07-29T04:59:30.596Z
Bender's Waterskin,TLA,Avatar: The Last Airbender,255,normal,common,2,108223,6d4a1712-d19e-4475-9614-a0b1af4da610,1.56,FALSE,FALSE,near_mint,en,AUD,2026-07-29T04:59:30.603Z
Roxxon Brutes,MSH,Marvel Super Heroes,113,normal,common,2,113414,66550490-74e1-4bf1-8741-1266dfab3a03,0.11,FALSE,FALSE,near_mint,en,AUD,2026-07-29T04:59:30.644Z
Unliving Legionnaire,MSH,Marvel Super Heroes,119,normal,common,2,113998,ce08f4bb-7da3-4199-8b90-fcdb29e84e98,0.17,FALSE,FALSE,near_mint,en,AUD,2026-07-29T04:59:30.671Z
Jennifer Walters // The Sensational She-Hulk,MSH,Marvel Super Heroes,388,foil,mythic,1,113934,b51282a9-1132-4c93-a216-148d1e7bb007,93.83,FALSE,FALSE,near_mint,en,AUD,2026-07-29T05:00:34.848Z
Jennifer Walters // The Sensational She-Hulk,MSH,Marvel Super Heroes,328,normal,mythic,1,114073,eec216e1-971b-490f-aba7-2d5bd5085023,46.69,FALSE,FALSE,near_mint,en,AUD,2026-07-29T05:00:42.823Z
Badgermole Cub,TLA,Avatar: The Last Airbender,326,normal,mythic,1,109530,be16c053-99e1-4921-8530-5135c989149d,97.99,FALSE,FALSE,near_mint,en,AUD,2026-07-29T05:00:53.137Z
Roaming Throne,MAR,Marvel Universe,99,normal,mythic,1,114198,6d3c06a5-a0b2-47a2-a583-d579c24a44c9,77.43,FALSE,FALSE,near_mint,en,AUD,2026-07-29T05:01:01.590Z
"Avatar Roku, Firebender",TLE,Avatar: The Last Airbender Eternal,112,foil,mythic,1,109521,b1fced2b-eba2-4e70-8f1c-6d3c973b6a8d,17.69,FALSE,FALSE,near_mint,en,AUD,2026-07-29T05:01:13.827Z
"Iron Man, Modern Marvel",MSC,Marvel Super Heroes Commander,830,normal,mythic,1,113615,32df31b8-21cd-4872-a775-2144074e6a73,26.48,FALSE,FALSE,near_mint,en,AUD,2026-07-29T05:01:40.750Z
Tony Stark // The Invincible Iron Man,MSH,Marvel Super Heroes,350,normal,mythic,1,113214,7a85467d-5693-4cf7-b38d-d42c57242f48,28.05,FALSE,FALSE,near_mint,en,AUD,2026-07-29T05:01:55.662Z
Sol Ring,TLE,Avatar: The Last Airbender Eternal,316,normal,rare,1,109534,c1f93f78-645b-4f21-a80b-5542f3328111,9.29,FALSE,FALSE,near_mint,en,AUD,2026-07-29T05:02:03.808Z
"Koh, the Face Stealer",TLA,Avatar: The Last Airbender,322,normal,mythic,1,109778,b3bf2ebe-336a-4b9a-9134-4e3efbcafdd2,6.01,FALSE,FALSE,near_mint,en,AUD,2026-07-29T05:02:12.632Z
"Ironheart, Clever Champion",MSH,Marvel Super Heroes,360,normal,rare,1,114063,ebfaaaac-b0ad-4f1d-93b4-64dcccfe1cd1,3.36,FALSE,FALSE,near_mint,en,AUD,2026-07-29T05:02:25.392Z
Show and Tell,MAR,Marvel Universe,60,normal,mythic,1,113311,aee8a17a-de57-4a76-9613-d3c6b161e378,5.53,FALSE,FALSE,near_mint,en,AUD,2026-07-29T05:02:33.828Z
Shattering Spree,TLE,Avatar: The Last Airbender Eternal,36,normal,mythic,1,109811,dd5d1ae1-2168-429e-a205-787b722f2637,1.43,FALSE,FALSE,near_mint,en,AUD,2026-07-29T05:03:04.809Z
